원두타입,원두명,노트,원산지,품종,생산자,고도,지역,가공,맛&향,산미,바디감,단맛,로스팅,쓴맛
싱글오리진,Kenya Embu AB Washed,"전체적으로 토마토맛이 강합니다. 덜 익은 토마토부터 잘 익은 토마토맛까지 추출에 따라 다양하게 느낄 수 있습니다. 또한 허브티, 라임 등 밝은 산미가 잘 올라오며 입안에서 깔끔하게 끝나는 특징이 있습니다.",케냐,"Sl 28, Sl 34, Ruiru 11, Batian",Kevote,1600,Embu,워시드,"상큼,산미,밸런스,허브,깔끔한,화사한",4.0,2.0,3.0,1.0,1.0
싱글오리진,에티오피아 코케허니 G1 내추럴,"향미 : 꽃향기, 블루베리, 블랙체리, 다크초콜릿",에티오피아,Ethiopia Heirlooms,,"1,750m ~ 2,300m",Yirgacheffe woreda Gedeo Zone,"Natural,내추럴","달콤,산미,베리,꽃,초콜릿",4.0,3.0,3.0,3.0,1.0
싱글오리진,케냐 키리나가 AA TOP,"#와인 #블랙커런트 #오렌지 #스페셜티 #무게있는 산미
High, 중약볶음",케냐,,,,키리나가,워시드,"산미,묵직,긴여운,시트러스",3.0,3.0,3.0,3.0,2.0
싱글오리진,에티오피아 예가체프 G1 코케 워시드P,"#사과 #꽃향 #오렌지 #스페셜티 #부드러운산미 #아로마
High, 중약볶음",에티오피아,,,,예가체프,워시드,"달콤,상큼,산미,꽃,허브,시트러스,트로피칼",3.0,2.0,4.0,2.0,2.0
싱글오리진,아바야 게이샤,"향미 : 꽃향기, 포도, 블루베리, 실키한 바디감",에티오피아,Ethiopia Heirlooms,Abaya,"1,700m ~ 1,900m",Yirgacheffe Gedeo Zone,Natural,"산미,꽃,화사한,주스같은",4.0,2.0,3.0,3.0,1.0
싱글오리진,나로커피220무산소체리발효,"감귤류 시트러스와 크렌베리,카카오닢스,흑설탕,로즈마리 컵노트를 
경험할 수 있는 고품질 스페셜티원두 입니다.",대한민국,"타피카,sl34",나로커피(주),,전남 고흥 나로커피아일랜드,"무산소 체리발효,무산소발효","달콤,산미,풍부한,화사한,시트러스",3.0,4.0,3.0,2.0,2.0
싱글오리진,Ethiopia Guji Gesha G1 Washed Anaerobic Special Reserve,"White Grape, Black Current, Cinnamon","Ethiopia,에티오피아",Gesha Heirloom,,"1,600-1,700m","Gelana Woreda West Guji, Oromia","Semi-Carbonic Anaerobic,기타","달콤,산미,시나몬,가벼운",4.0,3.0,3.0,2.0,1.0
싱글오리진,Ethiopia SIDAMO Mulluget Muntasha Natural,"Passion fruits, Peach, Plum, Berries","Ethiopia,에티오피아","74158, Wolisho",Mulluget Muntasha,"2,200 - 2,300","Arbegona, Sidamo, Bursa","Natural,내추럴","달콤,산미,베리,가벼운,시트러스,트로피칼",4.0,2.0,4.0,2.0,1.0
싱글오리진,케냐 야라 AB TOP,"부드러운 산미와 단맛이 좋은 커피로 케냐 특유의 강한 산미가 아닌 은은하고 산뜻한 산미의 커피입니다.
과일 차를 마시는 느낌의 꽃 향기가 좋은 매력적인 커피입니다.

*Cup Note: 자스민, 복숭아, 레몬캔디, 홍차","Kenya,케냐","SL28,SL34,Ruiri11,Batian",,"1,732m",Kiambu County,Fully Washed,"상큼,산미,꽃,차같은,화사한,가벼운,트로피칼",4.0,1.0,4.0,2.0,1.0
싱글오리진,코스타리카 볼칸 아줄 H-1 내츄럴,"배의 단 맛과 건포도의 풍미가 더해진 은은한 향의 커피입니다.
달달하면서 부드러운 목넘김이 좋은 커피입니다.

*Cup Note : 배, 갈색설탕, 건포도, 딸기",코스타리카,H-1,F.C.J Volcan Azul,"1,500m",West Valley,"Natural,내추럴","산미,밸런스,깔끔,가벼운",3.0,1.0,4.0,2.0,1.0
싱글오리진,스페셜티 과테말라 우에우에테낭고 킨 워시드,"오렌지, 마카다미아, 브라운 슈가, 밀크초콜릿",과테말라,"Bourbon, Caturra, Typica",KIN,"1,500m~1,920m",Huehuetenango,"Fully Washed,워시드","산미,밸런스,초콜릿,견과류,시트러스",4.0,4.0,4.0,3.0,2.0
싱글오리진,콜롬비아 호르헤 로하스 핑크버번 내추럴,"샴페인, 로제와인, 자두주스, 체리, 히비스커스, 적사과, 적포도",콜롬비아,핑크 버번,호르헤 로하스,1900,톨리마 라스 플라나다스,무산소 내추럴,"달콤,산미,베리,트로피칼",4.0,3.0,4.0,1.0,2.0
싱글오리진,콜롬비아 윌튼 베니테즈 파머스 셀렉션 워시드,"피칸 파이, 호두, 아몬드, 밀크초콜릿, 자몽과 오렌지의 산미, 갈색 설탕의 여운",콜롬비아,"카투라, 카스티죠",윌튼 베니테즈,1900,카우카,워시드,"달콤,산미,초콜릿,견과류,시트러스",3.0,3.0,3.0,2.0,2.0
싱글오리진,에티오피아 할로 하르투메 G1 워시드,"백도 복숭아, 자스민, 파인애플, 열대과일, 망고, 갈색설탕, 캐러멜",에티오피아,Ethiopian Local Selection,Various Farmers,"2,000m","게데오, 게뎁",워시드,"달콤,산미,꽃,화사한,트로피칼",3.0,3.0,3.0,2.0,2.0
싱글오리진,에티오피아 리무 게샤 워시드,,에티오피아,,,,,워시드,,4.0,2.0,4.0,1.0,1.0
싱글오리진,채스우드커피 디카페인 콜롬비아 싱글 원두 200g,"오렌지뉘앙스,견과류의 고소함을 디카페인으로 경험해보세요.",콜롬비아,,,,,,"달콤,고소,산미,견과류,시트러스",4.0,3.0,3.0,3.0,1.0
싱글오리진,과테말라 우에우에테낭고 와이칸 워시드 200g,"베리류의 상큼함, 부드러운 질감, 바닐라와 밀크 초콜릿의 달콤함",과테말라,,,,우에우에테낭고,워시드,"달콤,산미,부드러움,베리,초콜릿,바닐라",2.0,3.0,5.0,2.0,1.0
싱글오리진,코스타리카 게이샤 허니,Apricot / Black Tea / Brown Sugar,"Coastarica,코스타리카",Geisha,Coffea Diversa,,,Honey,"달콤,산미,꽃,허브,트로피칼",1.0,1.0,1.0,1.0,1.0
싱글오리진,콜롬비아 만델라,Grape / Black berry / Chocolate,"Clombia,콜롬비아",Mendela,,,Trujillo Valle Del Cauca,"Natural,내추럴","달콤,산미,베리,초콜릿",1.0,1.0,1.0,1.0,1.0
싱글오리진,마이크로랏 과테말라 엘 소코로 옐로우 카투라 워시드,"오렌지, 사과, 플럼, 카라멜",과테말라,Yellow Caturra,Juan Diego De La Cerda,"1,540m~1,860m",El socorro,"Fully Washed,워시드","달콤,산미,카라멜,묵직,베리,시트러스",4.0,3.0,4.0,4.0,2.0
싱글오리진,에티오피아 시다모 G2 워시드,"꽃향기, 핵과류, 밀크 초콜릿, 캐러멜",에티오피아,Heirloom(재래종),떼루아(지역생산),"1,600m ~ 2,000m",Sidamo,"Fully Washed,워시드","산미,밸런스,카라멜,꽃,초콜릿,시트러스",4.0,3.0,3.0,4.0,2.0
싱글오리진,에티오피아 예가체프 G1 아리차 에이미 내추럴,"살구, 복숭아, 밀키, 레몬그라스, 캔디, 시럽, 블랙티, 긴 후미",에티오피아,Kurume,,"1,900m ~ 2,250m",Aricha,"Natural,내추럴","달콤,산미,부드러움,허브,긴여운,차같은,주스같은,트로피칼",4.0,3.0,2.0,3.0,1.0
싱글오리진,브라질 NY 2 FC 디카페인 마운틴워터,"호박, 구운땅콩, 카라멜, 밀크초콜릿",브라질,Mundo Novo 외,,"500m~1,500m",,"Mountain Water Process,기타","고소,부드러움,카라멜,묵직,초콜릿",3.0,4.0,3.0,3.0,2.0
싱글오리진,커맨드 싱글 오리진 (에디오피아 레피사),"레몬, 복숭아, 꽃 차, 밀크 초콜릿","Ethiopia,에티오피아",Heirloom,(농장) Dabaye,"1,900-2,250m",Oromia Guji Hambella,Washed,"달콤,산미,깔끔,꽃,초콜릿,허브,차같은,시트러스",4.0,2.0,3.0,2.0,1.0
싱글오리진,커맨드 싱글 오리진 (인디아 아라쿠 13),"허니, 브라운 슈가, 스파이스","India,인도",Arabica-Selection 9,(농장) Gondhirapa,"959-1,237m",Araku,"Washed,워시드","달콤,초콜릿,향신료",2.0,2.0,2.0,3.0,1.0
싱글오리진,채스우드커피 브라질 모지아나 원두 200g,견과류의 고소함과 초콜릿의 달콤함을 경험해보세요.,브라질,,,,,,"달콤,고소,견과류",1.0,5.0,3.0,3.0,1.0
싱글오리진,과테말라 안티구아 SHB,"견과류의 고소함, 은은한 감귤류의 옅은 산미, 달콤쌉싸름한 캬라멜, 클린컵, 미디움 바디, 긴 여운
감칠맛나는 후미 뒤에 긴 여운의 향미는 많은 한국 사람들이 과테말라를 사랑하게 만들어 주었습니다.
수세식 가공으로 처리한 생두로 산뜻하고 상쾌한 후미를 가지고 있습니다.
배전도는 중-강배전입니다. 핸드드립이나 에어로프레스, 프렌치프레스 등을 권장합니다.
로스팅의 맛을 살려서 로스팅하여 미디움시티 정도의 볶음도를 가지고 있습니다.",과테말라,,,,,,"고소,산미,카라멜,견과류,긴여운,풍부한,시트러스",2.0,4.0,3.0,4.0,2.0
싱글오리진,에티오피아 샤키소 G1(Natural Method),"라임, 청포도, 꽃내음, 꿀, 살구, 섬세하며 긴 여운
건조식 가공으로 처리한 생두이므로 발효된 향에서 오는 멜티함이 있지만, 풍부한 향이 살아 있습니다.
배전도는 약배전입니다. 핸드드립이나 모카마스터, 커피메이커 등을 권장합니다.",에티오피아,샤키소 G1,,,시다모,,"달콤,부드러움,긴여운,시트러스,트로피칼",3.0,4.0,3.0,2.0,1.0
싱글오리진,케냐 AA,"사과산의 옅은 후미, 감초향, 고소함, 풀내음, 견과류내음, 블랙베리
많은 커피애호가들의 의해 좋은 평가를 받고 있으며, 다양한 추출도구로 즐기세요.
수세식 가공으로 처리한 생두로 산뜻하고 상쾌한 후미를 가지고 있습니다.
배전도는 중-강배전입니다. 핸드드립이나 에어로프레스, 사이폰 등을 권장합니다.
로스팅의 맛을 살려서 로스팅하여 미디움시티 정도의 볶음도를 가지고 있습니다.",케냐,,,,,,"고소,상큼,산미,견과류,풍부한,트로피칼",3.0,3.0,3.0,4.0,2.0
싱글오리진,에티오피아 예가체프 G2,"산뜻한 후루티향, 밝은 후미, 경쾌함, 허브, 달콤한 애프터 테이스트, 상쾌한 마우스필
나른한 오후의 화사한 느낌표같은 시간을 가지고 싶으신가요?
수세식 가공으로 처리한 생두로 산뜻하고 상쾌한 후미를 가진 이르가체페를 권해드려요.
배전도는 약배전입니다. 핸드드립이나 모카마스터, 커피메이커 등을 권장합니다.
향미를 살리면서 로스팅하여 시티 정도의 볶음도를 가지고 있습니다.",에티오피아,,,,,,"달콤,부드러움,차같은,화사한,주스같은,크리미한,트로피칼",3.0,2.0,2.0,2.0,1.0
싱글오리진,에티오피아 하루 수케 워시드,"복숭아와 얼그레이 홍차의 향미, 갈색설탕의 달콤함, 깨끗하고 달콤한 꽃 향기의 여운",에티오피아,에티오피아 토착종,,2000m,예가체프,워시드,"달콤,꽃,허브,차같은,트로피칼",4.0,2.0,4.0,1.0,1.0
싱글오리진,콜롬비아 라 세르바 카투라 치로소 무산소 허니,"로즈마리와 바질의 허브 향, 청사과와 청포도의 산미, 케인 슈가의 달콤함과 블러드 오렌지의 상큼함",콜롬비아,카투라 치로소,라 레세르바,,안티오키아,"무산소 허니,허니,무산소발효","달콤,상큼,산미,꽃,허브,화사한,시트러스,트로피칼",5.0,3.0,4.0,1.0,1.0
싱글오리진,스페셜티 에티오피아 예가체프 G1 겔레나 아바야 게이샤 내추럴,"블랙체리, 브라운슈가, 복숭아, 구아바, 주스같은, 부드러운 애프터",에티오피아,"Kurume, Wolish, Daga",,"1,850m~2,150m",Gelena Abaya,"Natural,내추럴","달콤,산미,부드러움,베리,풍부한,가벼운,주스같은,트로피칼",4.0,4.0,3.0,3.0,2.0
싱글오리진,코스타리카 수마바 레포사도 화이트 허니,"청포도, 마카다미아, 발란스",코스타리카,카투라,,"1,700m",,화이트허니,"달콤,산미,밸런스,깔끔,견과류,트로피칼",3.0,3.0,4.0,2.0,1.0
싱글오리진,Bolivia Kuillo Java Coco Natural,Blueberry / Cherry / Rum / Chocolate / Winy,"Bolivia,기타",Java,Kuillo,,,"Coco Natural,내추럴","산미,묵직,베리,초콜릿",3.0,4.0,4.0,4.0,1.0
싱글오리진,파나마 로마데로스 세드로스 레드카투아이 내추럴,#독특한 과일향 #베리류 #바나나 #바닐라,파나마,Red Catuai,,"1,500m",Loma De Los Cedros,"Natural,내추럴","달콤,산미,바닐라,트로피칼",4.0,3.0,4.0,3.0,1.0
싱글오리진,"DEEP, DEEPLY 콜롬비아 엘 구아야보 워시드 (에스프레소용)","오렌지, 살구, 청사과, 헤이즐넛, 카라멜, 밀크초콜렛",콜롬비아,,,,,워시드,"달콤,고소,깔끔,부드러움,묵직,초콜릿,스모키,크리미한",2.0,4.0,4.0,4.0,2.0
싱글오리진,에티오피아 예가체프 저보트G1 무산소발효,"Bright winey acidity, silky body,
Floral, Honey, Black tea, Jasmine, Milk chocolate, Black cherry",에티오피아,Heirloom Varieties,,"1,850 ~ 2,100 M",Yirgacheffe,무산소발효,"달콤,베리,꽃,초콜릿,허브,차같은,가벼운",4.0,3.0,3.0,3.0,1.0
싱글오리진,브라질 아라가오 카페 델라스 내추럴,"아몬드, 카라멜, 다크초콜렛",브라질,Catuai,,950m,Aragao,내추럴,"달콤,고소,카라멜,초콜릿,견과류",1.0,3.0,4.0,4.0,1.0
싱글오리진,Ethiopia Yirgacheffe Chelbesa Washed,Peach / Lavender / Melon / Juicy / Clean,"Ethiopia,에티오피아",,Chelbesa,,Yirgacheffe,"Washed,워시드","깔끔,허브,주스같은,트로피칼",4.0,3.0,3.0,1.0,1.0
싱글오리진,에티오피아 모모라 내추럴 구지 G1,"- 컵노트: 꿀, 살구, 체리, 딸기, 브렌디, 복숭아, 재스민, 감귤류",에티오피아,Heirloom,Momora,,Shakiso,내추럴,"달콤,상큼,산미,베리,견과류,허브,시트러스,트로피칼",4.0,3.0,4.0,2.0,1.0
싱글오리진,코스타리카 따라주 SHB,"- 컵노트: 오렌지, 바닐라, 아몬드 메이플시럽",코스타리카,"카투라, 카투아이",,"1,200~2,000m",따라주,워시드,"달콤,산미,깔끔,바닐라,견과류,시트러스",3.0,3.0,4.0,3.0,1.0
싱글오리진,인도네시아 와하나 만델링 G1,"- 컵노트: 블랙슈거, 다크초콜릿, 캐슈넛, 오렌지, 스모크, 굿바디",인도네시아,"티피카, 카티모르",,"1,400~1,500m",Ache Tengah,워시드,"달콤,산미,깔끔,카라멜,초콜릿,견과류,스모키,향신료,시트러스",1.0,5.0,5.0,4.0,1.0
싱글오리진,콜롬비아 엘 로블레 게이샤 워시드,"- 컵노트: 자스민, 플로럴, 레몬그라스, 슈가케인, 블랙티, 감귤",콜롬비아,Geisha,El Roble,,Norte de Santander,워시드,"달콤,산미,꽃,허브,차같은,시트러스",4.0,3.0,4.0,2.0,1.0
싱글오리진,과테말라 산 로렌조,"- 컵노트: 로스트 아몬드, 엿기름, 브라운슈거, 초콜릿",과테말라,Red Caturra,San Lorenzo,,Baja Verapaz,워시드,"고소,부드러움,초콜릿,견과류,크리미한",1.0,3.0,4.0,4.0,1.0
싱글오리진,콜롬비아 후일라 수프리모,"- 컵노트: Amond, Caramel, Chocolate",콜롬비아,Typica,,,,워시드,"고소,카라멜,견과류",1.0,3.0,3.0,4.0,1.0
싱글오리진,과테말라 안티구아 파스토랄 SHB,#달달한바닐라향 #묵직한바디감 #산미없는원두를찾으셨다면,과테말라,,,,,,"달콤,고소,묵직,바닐라,긴여운",1.0,5.0,2.0,4.0,2.0
싱글오리진,에티오피아 콩가 내추럴 G1 스페셜티,#믹스베리 #요거트캔디 #흑설탕 #기분좋고부드러운산미,에티오피아,내추럴,,,,내추럴,"달콤,산미,밸런스,베리,꽃,허브",3.0,3.0,4.0,3.0,1.0
싱글오리진,에티오피아 예가체프 G2 AQ1,#아카시아플로랄 #실키한바디감 #균형잡힌산미 #구운고구마향 #진한다크초콜릿 #야생꿀,에티오피아,,,,,,"달콤,산미,묵직,꽃,초콜릿,가벼운,주스같은",3.0,3.0,4.0,4.0,1.0
싱글오리진,페루 이네스 파타 게이샤 워시드,"자스민, 캐모마일, 딸기, 요거트, 꿀, 실키

새콤달콤함이 특징인 깔끔한 게이샤 커피입니다.",페루,게이샤,,2410m,쿠스코 잉카와시 파카이밤바,워시드,"산미,깔끔,꽃,풍부한,화사한,시트러스",4.0,3.0,4.0,1.0,1.0
싱글오리진,카메룬 블루마운틴 세미 워시드,"컵노트 : 견과 향미, 베리·홍시 산미·단맛",기타(카메룬),블루마운틴(티피카),,"2,100m",엘카,워시드,"달콤,산미,베리,견과류,트로피칼",1.0,3.0,3.0,2.0,1.0
싱글오리진,마이크로랏 과테말라 엘 소코로 레드 카투라 워시드,"Grapefruit, Roasted Almond, Chocolate, Brown Sugar",과테말라,Ethiopia Heirlooms,,"1,770m~2,200m",Sidamo,워시드,"달콤,산미,초콜릿,견과류,허브,긴여운",3.0,4.0,4.0,3.0,1.0
싱글오리진,마이크로랏 에티오피아 벤치 마지 게이샤 G1 내추럴,"포도, 건자두, 요거트, 체리, 헤이즐넛, 쥬시, 주스같은
산미와 짙은 질감의 조화, 좋은 단향의 애프터",에티오피아,"Geisha(74140, N59)",,"1,000m~1,100m",Crown Gesha,"내추럴,무산소발효","달콤,산미,견과류,긴여운,화사한,주스같은,크리미한",4.0,3.0,4.0,3.0,1.0
싱글오리진,마이크로랏 에티오피아 시다모 아르베고나 야웨 에이미 PG1 내추럴,"딸기, 복숭아, 패션프루트, 오렌지, 포도, 자스민, 얼그레이
시럽같은, 부드럽고 화려한 질감
쥬시하고 선명한 애프터",에티오피아,"74110,74158",,"1,995m~2,230m",Sidamo Arbegona,내추럴,"달콤,산미,부드러움,허브,화사한,주스같은,시트러스,트로피칼",4.0,3.0,4.0,3.0,1.0
싱글오리진,케냐 키리냐가 카공고 AB TOP 워시드,"허브, 익힌과일, 카카오닙스, 블랙슈가
조린 과일의 풍성한 바디감, 단향의 애프터",케냐,"74110,74158",,"1,995m~2,230m",Sidamo Arbegona,워시드,"달콤,허브,긴여운,풍부한,시트러스,트로피칼",3.0,4.0,4.0,3.0,1.0
싱글오리진,에티오피아 예가체프 G2 워시드,"프루티, 달콤, 흑설탕",에티오피아,,,,,워시드,"달콤,고소,초콜릿",2.0,4.0,3.0,3.0,1.0
싱글오리진,코스타리카 따라주 라 파스토라 SHB 워시드,"월넛, 흑설탕, 밀크초콜릿",코스타리카,,,,,워시드,"달콤,고소,초콜릿,견과류",2.0,4.0,4.0,3.0,1.0
싱글오리진,콜롬비아 메델린 수프리모 워시드,"아몬드, 월넛, 초콜렛",콜롬비아,,,,,워시드,"고소,초콜릿,견과류",2.0,4.0,4.0,3.0,1.0
싱글오리진,파나마 산타 테레사 게이샤 네츄럴,#중약배전(미디엄라이트 로스팅) #핸드드립추천 #자스민 #망고 #베레가못 #사탕,파나마,,,,,내추럴,"달콤,상큼,산미,꽃,허브,화사한,트로피칼",2.0,2.0,5.0,2.0,1.0
싱글오리진,콜롬비아 게이샤,"Floral, Peach, Bergamot, Honey",콜롬비아,,,,,워시드,"달콤,상큼,산미,꽃,허브,화사한,트로피칼",3.0,2.0,5.0,2.0,1.0
싱글오리진,에티오피아 시다모 문타샤 네츄럴,"Peach, Blueberry, Plum, Honey",에티오피아,,,,,내추럴,"달콤,상큼,산미,베리,트로피칼",2.0,3.0,4.0,2.0,1.0
싱글오리진,르완다 부산제,"Nectarine, Honey, Sweet potato",르완다,,,,,워시드,"달콤,고소,부드러움",1.0,3.0,5.0,2.0,1.0
싱글오리진,에티오피아 예가체프 게샤 아바야,"Grape, Orange, Milk Chocolate",에티오피아,,,,,워시드,"달콤,초콜릿,시트러스,트로피칼",2.0,3.0,4.0,3.0,2.0
싱글오리진,코스타리카 베르디 알토 라 몬타나 화이트허니,"Lavender, Apricot jam, Bluebery, Cane Sugar",코스타리카,,,,,허니,"달콤,베리,꽃,허브,화사한",1.0,3.0,4.0,2.0,2.0
싱글오리진,온두라스 비야 마리아 파라이네마 워시드,Bergamot / Apricot / Acacia Honey,에티오피아,Heirloom,Wote Konga,,,워시드,"달콤,산미,꽃,시트러스,트로피칼",3.0,3.0,4.0,2.0,1.0
싱글오리진,콜롬비아 라스 플로레스 워시드,Mangosteen / Lychee / Brown Sugar,콜롬비아,Red Bourbon,Las Flores,,Huila,워시드,"달콤,상큼,산미,화사한,트로피칼",4.0,3.0,4.0,2.0,1.0
싱글오리진,브라질 Brazil,"커핑노트 / 갈색설탕, 캐슈넛, 사탕수수, 캐러멜",브라질,레드 카투아이,,"1,300m",모지아나,내추럴,"달콤,카라멜,초콜릿,견과류",1.0,4.0,3.0,4.0,1.0
싱글오리진,에티오피아 시다모 야웨 에이미 내추럴,"딸기, 패션후르츠, 포도, 오렌지, 자스민, 얼그레이

베리향이 가득하면서도 식을수록 패션후르츠의 쥬시함이 특징인 커피입니다.",에티오피아,,,,,내추럴,"달콤,상큼,산미,풍부한,화사한,주스같은,시트러스",5.0,3.0,4.0,1.0,1.0
싱글오리진,파나마 핀카하트만 치쵸가요 내츄럴,"파인애플 Pineapple, 파파야 Papaya, 망고 Mango, 초콜릿 Chocolate, 실크같은 질감 Silky Mouthfeel

원두 출고일은 매주 화요일, 목요일입니다.
배송은 오후 3시 주문분을 기준으로 익일 출고됩니다.
예) 월요일 오후 3시주문 : 화요일 출고","Panama,파나마",Chicho Gallo,Ratibor Hartmann,"1,500m","Santa Clara, Chiriqui","Natural  ​,내추럴","달콤,산미,부드러움,초콜릿,풍부한,가벼운,주스같은,트로피칼",4.0,4.0,5.0,2.0,1.0
싱글오리진,파나마 산타마리아 게이샤 내츄럴,"살구 Apricot, 자스민 Jasmine, 백차 White Tea, 백도 White Peach, 과즙같은 질감 Juicy Mouthfeel, 섬세한 산미 Delicate Acidity

원두 출고일은 매주 화요일, 목요일입니다.
배송은 오후 3시 주문분을 기준으로 익일 출고됩니다.
예) 월요일 오후 3시주문 : 화요일 출고","Panama,파나마",Geisha,Edwin Santamaria,1560 ~ 1950 m,"Santa Clara, ChiriquiㅁVolcan","Washed,내추럴","달콤,꽃,허브,풍부한,화사한,주스같은,트로피칼",4.0,2.0,4.0,2.0,1.0
싱글오리진,에티오 케넌 아세파 무산소발효 내츄럴,"복숭아 Peach, 오렌지껍질 Orange Peel, 크랜베리잼 Cranberry Jam, 크림같은 질감 Creamy Mouthfeel

원두 출고일은 매주 화요일, 목요일입니다.
배송은 오후 3시 주문분을 기준으로 익일 출고됩니다.
예) 월요일 오후 3시주문 : 화요일 출고","Panama,에티오피아",74158,Kenean Aessfa,"2,100~2,200m",Sidama,"Washed,무산소발효","달콤,산미,베리,크리미한,시트러스,트로피칼",3.0,4.0,4.0,3.0,1.0
싱글오리진,케냐 가차타 AB TOP 워시드,"토마토, 밀크초콜릿, 포도, 허브티",케냐,"SL28, SL34, Ruiru11, Batian",Nyeri County,"1,800m~1,900m",Gachatha,워시드,"베리,초콜릿,허브",4.0,4.0,4.0,3.0,1.0
싱글오리진,콜롬비아 캄포 에르모소 핑크 버번 워시드 퍼먼티드,"Lemongrass, Lime, Mint, Coriander Juicy","Colombia,콜롬비아",Pink Bourbon,,"1,850m~2,000m",Quindi,"Washed fermented,기타","산미,허브,화사한,가벼운,시트러스",4.0,3.0,2.0,2.0,1.0
싱글오리진,코스타리카 소노라 빅토리아,"Red Berries, Grape, Prune, Caramel","Costa Rica,코스타리카",,Victoria,"1,200m","Alajuela, Gracia","Natural,내추럴","달콤,산미,카라멜,베리,트로피칼",4.0,3.0,2.0,3.0,1.0
싱글오리진,케냐 카구유 AB TOP,"Cherry, Grapefruit, Brown Sugar, Milk Chocolate","Kenya,케냐","SL28, SL34, Ruiru11, Batian",,"1,600m",Murang'a County,,"달콤,산미,초콜릿,트로피칼",4.0,3.0,2.0,3.0,1.0
싱글오리진,코스타리카 엘바수 게이샤 내추럴,"Floral, Grape, Tropical Fruit, Blueberry","Costa Rica,코스타리카",Geisha,,"1,550m","Naranjo, West Valley","Natural,내추럴","달콤,산미,베리,꽃,트로피칼",4.0,2.0,4.0,2.0,1.0
싱글오리진,과테말라 라 누에바 몬타나,"컵노트 : 과일 향미, 살구·복숭아 산미·단맛, 우롱차",과테말라,카투아이,안토니오,"1,750~1,800m",라누에바,내추럴,"달콤,산미,베리,차같은,시트러스,트로피칼",4.0,2.0,3.0,1.0,1.0
싱글오리진,에티오피아 시다마 트와콕 워시드,"컵노트 : 자스민 향미, 꿀 단맛, 살구 산미",에티오피아,헤일룸,,"1,650~1,900m",시다마,워시드,"달콤,산미,꽃,화사한,트로피칼",3.0,1.0,3.0,1.0,1.0
싱글오리진,에티오피아 구지 시먼 어베이 세미 무산소 내추럴,"컵노트 : 딸기, 블루베리, 대추, 사과, 복숭아, 꿀, 체리, 살구, 캐슈넛, 베르가못, 히비스커스, 멜론, 곶감, 클린, 긴 후미",에티오피아,74110,시먼어베이,"2,000m 이상",칸테티,무산소발효,"달콤,산미,베리,꽃,견과류,깔끔한,긴여운,시트러스,트로피칼",3.0,2.0,3.0,2.0,1.0
싱글오리진,코스타리카 볼칸아줄 게이샤 이스트 워시드,Apple Mint / Papaya / Milk Chocolate,코스타리카,Geisha,,,West Valley,워시드,"달콤,산미,허브,화사한,트로피칼",4.0,3.0,4.0,2.0,1.0
블렌딩,햇살좋은날 블랜드,"샴페인, 살구, 설탕시럽, 레몬그라스","콜롬비아,에티오피아",,,,,워시드,"달콤,산미,부드러움,카라멜,꽃,가벼운,시트러스",3.0,2.0,3.0,3.0,2.0
블렌딩,리치 블렌드,#고소함 #스모키 #다크초콜릿 #라떼에 어울리는 #풀바디 #블렌딩,,,,,,,"달콤,고소,묵직,초콜릿,스모키,긴여운",1.0,4.0,3.0,4.0,3.0
블렌딩,올데이 블렌드,"#고소함 #복숭아 #다크초콜릿 #풀바디 #블렌딩
FullCity, 중강볶음",,,,,,,"고소,산미,묵직,초콜릿,긴여운,풍부한,시트러스",2.0,3.0,4.0,4.0,2.0
블렌딩,시트러스 블렌드,"#자몽 #사과 #시트러스 #스페셜티 #산미 #향이좋은 #블렌딩
High, 중약볶음",,,,,,,"상큼,산미,베리,시트러스,트로피칼",3.0,3.0,4.0,3.0,2.0
블렌딩,PETRICHOR BLEND,"밀크초콜릿, 캐러멜, 오렌지, 밸런스","브라질, 콜롬비아, 과테말라, 엘살바도르",,,,,,"달콤,상큼,산미,밸런스,초콜릿,트로피칼",2.0,3.0,4.0,4.0,3.0
블렌딩,보통의날 블랜드,"말린푸룬, 다크초콜렛, 카카오, 로스티드아몬드, 몰트, 크리미바디","콜롬비아,과테말라,케냐",,필넛로스터스,,"콜롬비아, 과테말라, 케냐",워시드,밸런스,3.0,3.0,3.0,3.0,4.0
블렌딩,비오는날 Blend,"누룽지,몰트,토스트,월넛,카카오","대한민국,기타",,필넛로스터스,,"콜롬비아, 과테말라, 베트남",워시드,"달콤,고소,밸런스,부드러움,초콜릿,견과류",1.0,5.0,3.0,4.0,4.0
블렌딩,[3-3커피] 미디엄로스트 블렌드 커피원두 200g/1kg/3kg,"향미, 산미, 맛 등이 균형잡힌 고소한 커피","콜롬비아, 브라질, 과테말라",,,,,,"달콤,고소,밸런스",2.0,3.0,3.0,3.0,1.0
블렌딩,100% 스페셜티 블렌드,"향미 : 꽃향기, 포도, 블루베리, 실키한 바디감",에티오피아,,,,Yirgacheffe Gedeo Zone,,"산미,베리,꽃,깔끔한,가벼운",4.0,2.0,3.0,3.0,1.0
블렌딩,,,,,,,,,"달콤,고소,상큼,산미,밸런스,깔끔,부드러움,꽃,초콜릿,바닐라,견과류,시나몬,깔끔한,긴여운,화사한,시트러스",1.0,1.0,1.0,1.0,1.0
블렌딩,STREET BLEND,"피칸,아몬드,흑설탕,다크초콜릿","브라질30%,과테말라20%과테말라50%,과테말라,브라질,코스타리카",,,,,,"달콤,고소,밸런스,초콜릿,견과류",2.0,4.0,4.0,4.0,3.0
블렌딩,,,,,,,,,,,,,,
블렌딩,미미(美味),"복숭아 (Peach), 라벤더(Lavender), 쉬라와인(Syrah Wine), 열대과일(Tropical Fruit), 매끄러운 질감 (Silky Mouthfeel)

원두 출고일은 매주 화요일, 목요일입니다.
배송은 오후 3시 주문분을 기준으로 익일 출고됩니다.
예) 월요일 오후 3시주문 : 화요일 출고","Panama, Colombia,콜롬비아,파나마",,,,,,"달콤,산미,부드러움,꽃,허브,깔끔한,화사한,가벼운,주스같은,트로피칼",3.0,1.0,4.0,2.0,1.0
블렌딩,미원(美味),"비정제당의 단맛 (Muscovado Sweetness), 말린자두(Prune), 균형잡힌 밸런스 (Well Balanced), 부드러운질감 (Smooth Mouthfeel)

원두 출고일은 매주 화요일, 목요일입니다.
배송은 오후 3시 주문분을 기준으로 익일 출고됩니다.
예) 월요일 오후 3시주문 : 화요일 출고","Panama, Costarica, Ethiopia,에티오피아,파나마,코스타리카",,,,,,"달콤,밸런스,부드러움,트로피칼",1.0,5.0,5.0,4.0,3.0
블렌딩,에디오피아 게이샤,"게이샤의 원산지인 에디오피아에서 재배되었습니다.
시트러스와 바닐라 향미가 일품입니다.",에티오피아,게이샤,,"1,600~2,100m",,,"달콤,산미,바닐라,시트러스",4.0,3.0,4.0,3.0,1.0
블렌딩,MIHO,"풍요의 강, 줄기가 흐르며 엮어낸 파노라마처럼...
풍성한 단맛과 흐름을 함께하는 산미,
느긋이 즐길 수 있는 매끄러운 여운까지
좋은 맛의 시작은 밸런스입니다.

과테말라 워시드
브라질 펄프드 내추럴
콜롬비아 워시드","과테말라, 브라질, 콜롬비아",,,,,,"달콤,산미,밸런스,긴여운",3.0,5.0,4.0,3.0,1.0
블렌딩,HEART STRIKE,"브라질 펄프드 내추럴
과테말라 워시드
인디아 로부스타
에티오피아 내추럴","인디아, 에티오피아,과테말라,브라질,인도",,,,,"워시드,내추럴","달콤,쌉쌀,부드러움,묵직,긴여운",1.0,4.0,4.0,5.0,3.0
블렌딩,B-SIDE,브라질 펄프드 내추럴,브라질,,,,,펄프드 네추럴,"달콤,고소,밸런스,초콜릿,견과류",2.0,3.0,4.0,3.0,2.0
블렌딩,DAY BLEND,"산뜻한 오렌지 톤의 산미와 볶은 견과류, 초콜릿 뉘앙스의 균형 잡힌 밸런스를 느끼실 수 있습니다.
마일드한 바디감과 초콜릿의 풍부한 단맛과 견과류의 고소함을 경험해 보세요.


Brazil 50% / Guatemala 30% / Colombia 20%
Roasting point : Medium Dark","브라질, 과테말라, 콜롬비아",,,,,,"달콤,고소,산미,밸런스,초콜릿,견과류,가벼운,시트러스",1.0,3.0,4.0,4.0,2.0
블렌딩,GROUND RULE,"생초콜렛, 티라미수, 견과류, 풀바디

GUATEMALA
COLOMBIA
NICARAGUA
INDONESIA","콜롬비아,과테말라,인도,니카라과",,,,,,"달콤,고소,쌉쌀,묵직,초콜릿,견과류,스모키",1.0,5.0,4.0,4.0,4.0
블렌딩,[3-3커피] 다크로스트 블렌드 커피원두 200g,"다크초콜릿 같은 쌉싸름함, 낮은 산미","콜롬비아, 브라질, 에티오피아",,,,,,"달콤,고소,쌉쌀",1.0,4.0,3.0,4.0,3.0
블렌딩,[3-3커피] 라이트로스트 블렌드 커피원두 200g,"베리, 복숭아가 떠오르는 상큼한 커피","콜롬비아, 에티오피아",,,,,,"달콤,산미,베리,트로피칼",3.0,2.0,3.0,2.0,1.0
블렌딩,에디오피아 게이샤 블렌딩,"게이샤가 가진 향미에 단맛을 더 올렸습니다. 
아메리카노, 라떼 등 어떤 커피라도 게이샤의 특징을 즐길 수 있습니다.","에디오피아, 콜롬비아",,,,,,"달콤,산미,꽃",3.0,4.0,5.0,3.0,1.0
블렌딩,이탈리안 블랜드,"바닐라, 너티, 다크 초콜릿, 묵직한 바디

브라질 네츄럴 30%
콜롬비아 워시드 40%
과테말라 워시드 30%","콜롬비아,과테말라,브라질",,,,,,"달콤,묵직,초콜릿,바닐라,견과류",1.0,4.0,4.0,4.0,2.0
블렌딩,다크블루,"아몬드의 고소함과 은은한 단맛이 주를 이루며 묵직한 바디감의 커피입니다. 뒤에서 카카오의  쌉싸름한 맛이 나는 깔끔한 목넘김의 커피입니다.
라떼로 드셨을때 단맛이 극대화 되며 호불호가 적은 대중적인 제품입니다.","콜롬비아,브라질,인도",,,,,,"달콤,쌉쌀,밸런스,묵직,초콜릿,견과류",1.0,4.0,5.0,4.0,2.0
블렌딩,멜로브라운,"곡물류의 고소함과 단맛이 주를 이루며 뒤에서 은은하게 느껴지는 산미가 기분좋게 느껴지는 밸런스 좋은 커피입니다.
부드러운 바디감이 좋은 커피로 무거운 느낌의 커피를 부담스러운 분들께 추천 드립니다.","에티오피아,과테말라,브라질",,,,,,"달콤,고소,산미,밸런스,견과류,곡물,가벼운",2.0,2.0,3.0,3.0,1.0
블렌딩,OOC BLEND,"NUTTY, HERB, GOOD BALANCE,SWEETNESS, DARK CHOCOLATE, DASH OF FRUIT","콜롬비아, 과테말라, 인도네시아",,,,,,"달콤,밸런스,초콜릿,견과류,트로피칼",2.0,4.0,4.0,4.0,2.0
블렌딩,커피맛을조금아는남자 메인 블렌드 '달구벌',"메인 블렌드 ＇달구벌＇ 원두는 사과의 산뜻한 산미 약간과
아몬드, 호두의 고소함, 밀크초콜릿의 풍미가 좋습니다.

에스프레소로 즐겼을 때는 묵직하면서도 부드러운 초콜릿의 질감,
거기에 산뜻한 사과의 산미가 약간 더해져 조화를 이룹니다. 

브라질 50% 과테말라 30% 에티오피아 20%가 블렌딩 되었습니다.","에티오피아,과테말라,브라질",,,,,,"고소,산미,초콜릿,견과류",2.0,4.0,3.0,4.0,2.0
블렌딩,커피맛을조금아는남자 너티 블렌드 - '83타워',"너티 블렌드인 ＇83타워＇는 산미를 선호하지 않는 분들께 추천 드리는 묵직하면서 고소한 커피입니다.
아몬드, 호두의 고소함과 초콜릿의 풍미, 황설탕의 은은한 단맛이 좋습니다.

브라질 70%와 과테말라 30%를 블렌딩 해 고소함에 중점을 두었습니다.","과테말라,브라질",,,,,,"달콤,고소,밸런스,초콜릿,견과류",1.0,4.0,2.0,4.0,2.0
블렌딩,"커피맛을조금아는남자 플로럴 블렌드, 수성못","블렌딩 원두이지만 중배전 정도로 로스팅 되어 핸드드립으로 즐기기에도 좋습니다.

에티오피아 워시드 80%, 에티오피아 내추럴 20%가 블렌딩 되어
블루베리, 크림치즈를 먹는 듯한 화사하고 달큰한 뉘앙스와
마카다미아의 고소함을 즐겨보세요.",에티오피아,,,,,"워시드,내추럴","달콤,고소,산미,베리,견과류,화사한",3.0,2.0,3.0,3.0,1.0
블렌딩,VASO,"에티오피아 워시드 100%
컵노트 : 감귤, 오렌지, 건포도, 레드와인, 밀크초콜릿",에티오피아,,,,,,"상큼,산미,베리,초콜릿,시트러스",4.0,2.0,3.0,4.0,1.0
블렌딩,[시그니처 블렌드] 1kg 베리 베리 Very Berry,"자스민의 꽃향기, 상큼한 믹스베리, 살구 주스, 달콤하고 산뜻한 과일차",에티오피아 100%,Ethiopian Local Selection,Various Farmers,"1,900m ~ 2,000m","게데오, 게뎁","워시드, 내추럴","달콤,산미,베리,꽃,차같은",3.0,3.0,5.0,3.0,1.0
블렌딩,[시그니처 블렌드] 1kg 스윗홈 Sweet Home,"볶은 아몬드의 고소함, 캐슈넛의 부드러움, 밀크초콜릿, 묵직하고 부드러운 질감","콜롬비아 50%, 코스타리카 50%","핑크버번, 카투라, 버번",Various Farmers,"1,800m ~ 1,900m","우일라, 따라주","허니, 워시드","달콤,고소,부드러움,견과류",2.0,4.0,5.0,4.0,2.0
블렌딩,[시그니처 블렌드] 1kg 달보드레,"부드러운 밀크초콜릿, 호두파이, 볶은 캐슈넛, 은은한 오렌지의 산미, 버터스카치 캔디","에티오피아 20%, 과테말라 40%, 인도 40%",Various,Various Farmers,"1,300m ~ 2,000m",-,워시드,"달콤,고소,산미,부드러움,초콜릿,견과류,시트러스",2.0,5.0,5.0,4.0,2.0
블렌딩,[커피링크] [블렌드] 1kg 오롯오롯,"패션후르츠, 갈색설탕, 믹스베리, 망고, 라벤더, 버터스카치, 토피, 파인애플, 건포도","에티오피아 50%, 과테말라 50%",Various,Various Farmers,"1,800m ~ 2,000m","게데오 게뎁, 안티구아",워시드,"달콤,산미,베리,풍부한,트로피칼",2.0,5.0,5.0,4.0,2.0
블렌딩,[커피링크] [블렌드] 1kg 코지 Cozy,"은은한 오렌지의 산미, 캐러멜, 다크초콜릿, 아몬드","브라질 50%, 과테말라 50%",Various,Various Farmers,"1,100m ~ 1,700m",-,"펄프드 내추럴, 워시드","달콤,산미,밸런스,초콜릿,견과류,시트러스",2.0,4.0,5.0,4.0,2.0
블렌딩,시그니처 꽃 화 블렌드,"에티오피아 예가체프 G2 40%
에티오피아 스페셜티 예가체프 레코 내츄럴 G1  60%
로스팅 포인트: 중배전

​ 꽃 화 블렌딩 커피는 에티오피아 워시드, 내츄럴을 블렌드한 커피입니다.
첫 모금을 마시기 전 입에 코를 갖다대면 베리, 피치의 묵직한 단향이 올라와 고급스러운 향미를 내뿜고 있습니다.
첫 모금에 블루베리 잼같은 질감과 복숭아, 카라멜 같은 단향, 뒤에 초콜릿의 느낌으로 마무리해주는 늬앙스로 기분을 좋게 해줍니다.
식어도 갖고 있는 케릭터를 잘 느낄 수 있어 좋았습니다.

​[시향]
베리, 피치, 허니, 아카시아

[시음]
블루베리 잼, 피치, 카라멜, 초콜릿, 굿 바디",에티오피아,,,,,,"달콤,산미,카라멜,묵직,베리,초콜릿,화사한,트로피칼",4.0,3.0,4.0,3.0,1.0
블렌딩,반달곰 원두,"커피볶는곰의 블랜딩 원두로 밀크 초코렛의 단맛과 바디를 가지고 지속성 좋은 원두 입니다.
오래 남는 애프터의 단맛 질감을 느껴보세요.","콜롬비아,브라질",,,,,,"달콤,묵직,초콜릿,긴여운",1.0,4.0,5.0,3.0,2.0
블렌딩,채스우드커피 Town Hall 원두 200g,초콜릿뉘앙스와 카라멜의 달콤함 클린컵의 대중적인 뉘앙스를 가지고있는 커피입니다.,"브라질,과테말라,에티오피아",,,,,,"달콤,깔끔,초콜릿",1.0,3.0,3.0,3.0,1.0
블렌딩,채스우드커피 Manly 원두 200g,오렌지의 상큼함과 베리류의 달콤함 깔끔한 쥬시한 뉘앙스를 가진 커피입니다.,"에티오피아,콜롬비아",,,,,,"상큼,산미,베리,시트러스",5.0,1.0,4.0,1.0,1.0
블렌딩,SWEET GUY,"스윗가이 CUP NOTE
잘 익은 오렌지, 갈색설탕, 밀크 초콜릿

에티오피아, 온두라스, 브라질 3가지 종류가 섞인 하우스 블랜드 원두입니다.

핸드드립과 에스프레소용으로 추천드리며, 
오렌지 계열의 단맛과 밸런스 좋은 원두를 찾으신 다면 스윗가이로 즐겨보세요 :)","에티오피아,온두라스",,,,,,"달콤,밸런스,초콜릿,시트러스",4.0,3.0,5.0,3.0,2.0
블렌딩,STAR GUY,"스타가이 CUP NOTE
헤이즐넛 초코, 바닐라, 밀크초콜릭

에티오피아, 브라질, 과테말라 3가지 종류가 섞인 하우스 블랜드 원두입니다.

라떼음료와 에스프레소용으로 추천드리며, 
헤이즐넛 초코 계열의 달콤함과 밸런스 좋은 원두를 찾으신 다면 스타가이로 즐겨보세요 :)","에티오피아,과테말라,브라질",,,,,,"달콤,밸런스,부드러움,초콜릿,바닐라,견과류",4.0,4.0,5.0,3.0,3.0
블렌딩,E블렌드,"Jasmine, Orange, Honey, Mild Aftertaste",,,,,,,"달콤,산미,깔끔,꽃,긴여운,시트러스",3.0,2.0,3.0,1.0,1.0
블렌딩,JOY GUY,"조이가이 CUP NOTE
피넛버터, 구운 아몬드, 구운 땅콩, 다크 초콜릿

과테말라, 온두라스, 브라질 3가지 종류가 섞인 하우스 블랜드 원두입니다.

라떼음료와 에스프레소용으로 추천드리며, 
피넛버터 계열의 고소함과 밸런스 좋은 원두를 찾으신 다면 조이가이로 즐겨보세요 :)","과테말라,브라질,온두라스",,,,,,"달콤,고소,밸런스,묵직,견과류",2.0,4.0,4.0,3.0,3.0
블렌딩,시그니처 불 화 블렌드,"케냐 베짱이 무타이테 50%
브라질 세라도 50%
로스팅 포인트: 중배전

커피는 브라질 , 케냐 워시드를 블렌드한 커피입니다.
첫 모금 마셨을 때 구운 땅콩 같은 향미가 나와 익숙한 느낌을 줍니다.
목넘김이 상당히 거칠 것 같았지만, 클린함이 상당히 좋고 단향이 오래간다는거에 놀랬습니다.
식을 수록 초콜릿, 땅콩 카라멜 같은 단향을 더욱 느낄 수 있습니다.
클래식한 브라질의 견과류 느낌, 콜롬비아의 균형감이 조화롭게 이뤄져 마시고 났을 때의 긴 여운이 좋습니다.
에스프레소로 내렸을 때 고소한 시리얼, 군밤의 여운이 더욱 깊어집니다.

시향
아몬드, 구운 헤이즐넛, 구운 식빵

시음
땅콩 카라멜, 호두, 초콜렛, 균형감, 클린","브라질,케냐",,,,,,"달콤,고소,깔끔,초콜릿,견과류,긴여운",1.0,4.0,4.0,4.0,3.0
블렌딩,WORK Blending,"For 
활동적인, 진한, 열정적인
Tasting Notes
견과류, 비스켓, 사탕수수, 풀바디
Guide
갈린 원두 17.5~18.5g, 90.5~90℃, 9bar
갈린 원두 20g, 89~91℃, 뜨거운 물 340ml","콜롬비아,과테말라,브라질",,,,,,"달콤,묵직,견과류",1.0,5.0,4.0,4.0,2.0
블렌딩,HOME Blending,"For 
편안한, 따뜻한, 손쉬운
Tasting Notes
밀크초콜릿, 만다린, 부드러운 질감
Guide
갈린 원두 19~20g, 91.5~92℃, 9bar
갈린 원두 20g, 92~93℃, 뜨거운 물 340ml","콜롬비아,에티오피아,브라질",,,,,,"달콤,산미,부드러움,초콜릿,시트러스",3.0,4.0,5.0,3.0,1.0
블렌딩,퍼스트웨이브:에스프레소 블렌드,"Dark Chocolate / Macadamia / Caramel
Brazil / Indonesia","브라질,인도",,,,,,"카라멜,초콜릿,견과류",1.0,4.0,4.0,4.0,3.0
블렌딩,세컨드웨이브:에스프레소 블렌드,"Orange / berry-like / Milk Chocolate
Brazil / Indeonesia / Ethiopia","에티오피아,브라질,인도",,,,,,"달콤,산미,베리,초콜릿,시트러스",3.0,4.0,4.0,3.0,2.0
블렌딩,COSY BLEND,"옥수수수염차,토스트,카카오닙스
브라질 50% + 인디아 50%","브라질 50%, 인디아 50%,브라질,인도",,,,,,"달콤,고소,밸런스,초콜릿",1.0,3.0,4.0,4.0,3.0
블렌딩,또바기,"컵노트 : 호두, 아몬드, 카라멜, 초콜릿",,,,,,,"달콤,카라멜,묵직,초콜릿,견과류",1.0,4.0,3.0,4.0,1.0
블렌딩,[커피볶는곰] 테디베어 블랜드,"고소, 달달한 질감, 지속성, 끝까지 남는 단맛이 특징",,,,,,,"달콤,고소,밸런스,부드러움,긴여운",1.0,4.0,5.0,3.0,1.0
블렌딩,튜바 블렌드,"브라질 80% 코스타리카 20%
구운견과류, 땅콩버터, 다크초콜릿, 캐러멜","브라질,코스타리카",,,,,,"달콤,고소,카라멜,초콜릿,견과류",1.0,3.0,4.0,4.0,2.0
블렌딩,프렌치혼 블렌드,"브라질 60% 코스타리카 40%
과일류의 단맛, 밀크 초콜릿, 아몬드, 캐러멜","브라질,코스타리카",,,,,,"달콤,밸런스,카라멜,초콜릿,견과류,시트러스",2.0,3.0,4.0,4.0,2.0
블렌딩,LOVE BLEND,"건크랜베리,천도복숭아,자스민,다크체리
에티오피아 2Tyeps 100%","에티오피아 40%, 과테말라 30% + 콜롬비아 30%,에티오피아",,,,,,"달콤,상큼,산미,깔끔,화사한,시트러스",4.0,3.0,3.0,2.0,1.0
블렌딩,W블렌드,"Milk Chocolate, Almond, Low Acidity, Smooth Finish",,,,,,,"달콤,쌉쌀,부드러움,초콜릿,견과류",2.0,3.0,4.0,3.0,2.0
블렌딩,Bach 바흐,고소하고 부드러운 단맛과  은은한산미  그리고 적당한 바디감이 조화로운 커피입니다.,,,,,,,"고소,산미,밸런스,부드러움,초콜릿,풍부한",2.0,3.0,4.0,3.0,1.0
블렌딩,커맨드 듀오 (Command Duo),"오렌지 캔디, 캐러멜, 케인 슈가","India, Ethiopia,에티오피아,인도","Selection 9, Selection 6 and 795, Heirloom",,"1,036-2,250m",,"Washed,워시드","달콤,밸런스,카라멜,꽃,차같은,주스같은,시트러스",3.0,2.0,3.0,3.0,1.0
블렌딩,커맨드 콰르텟 (Command Quartet),"초콜릿, 아몬드, 민트, 클로브, 웰밸런스, 클린","India,인도","Mix of 795, SLN5, SLN9, Chandragiri 등",,"850-1,250m",,"Washed, Natural,워시드,내추럴","부드러움,묵직,초콜릿,스모키,향신료",2.0,4.0,4.0,4.0,1.0
블렌딩,파크 레인 블렌딩 - PARK LANE BLENDING,"에스프레소로 내리면 가장 맛있으나 로스팅이 다크하지 않아 브루잉으로 사용하시기에도 좋습니다.

*오전 11시 까지 결제된 주문은 영업일 기준 약 3일 이내 출고됩니다.","에티오피아,과테말라,인도,엘살바도르",,,,,,"고소,산미,밸런스,부드러움",2.0,3.0,4.0,3.0,1.0
블렌딩,춘천블렌드,예가체프를 주 베이스로 두어 묵직하고 고소한 맛을 중심에 두었고 내추럴 커피를 블렌드하여 향과 산미를 더해 균형있는 맛을 더했습니다.,,,,,,,"고소,밸런스",2.0,2.0,4.0,3.0,1.0
블렌딩,가을 (Autumn) 블렌드,"구수함, 옅은 산미, 보리과자, 굳바디, 라떼와 어울리는 향미, 곡물, 호두, 정향
브라질 펄프드내츄럴 버번 + 콜롬비아 메데인 수프레모 +
에티오피아 G2 시다모 + 인도 바라쿠","콜롬비아,에티오피아,브라질,인도",,,,,내추럴,"고소,밸런스,견과류,곡물",1.0,3.0,2.0,3.0,1.0
블렌딩,봄 (Spring) 블렌드,"과테말라 안티구아SHB + 콜롬비아 메데인 수프레모+ 에티오피아 G2 이르가체페
마일드, 우아한 산미, 카카오, 클린, 허브식물, 미디움 바디, 과실주향","콜롬비아,에티오피아,과테말라",,,,,,"산미,깔끔,초콜릿,허브,차같은,주스같은,트로피칼",2.0,3.0,2.0,2.0,1.0
블렌딩,[커피볶는곰] 폴라베어 블랜드,#중배전(미디엄 로스팅) #에스프레소머신 추천 #새콤달콤 #과일향,에티오피아,,,,,,"달콤,상큼,산미,트로피칼",2.0,4.0,5.0,3.0,1.0
블렌딩,게이샤 블랜드,"블루베리, 크렌베리, 절인과육, 쥬시, 초콜릿

에티오피아 아바야 게이샤/ 내추럴
에티오피아 마지 게이샤 / 내추럴
페루 엘 크루세 / 워시드","에티오피아,페루",,,,,"워시드,내추럴","달콤,산미,베리,초콜릿,주스같은",4.0,3.0,4.0,2.0,1.0
블렌딩,"DEEP,DEEPLY 블랜드","초콜렛, 아몬드, 청사과, 오렌지, 카라멜","과테말라,브라질",,,,,워시드,"달콤,고소,쌉쌀,밸런스,부드러움,카라멜,묵직,초콜릿,견과류",2.0,4.0,5.0,4.0,3.0
블렌딩,거스트 브리즈 블랙,"전체적으로 다크한 면이 강하지만 달큰한 잔향과 클린함을 가지고 있습니다.
로스팅 후 시일이 지날수록 가진 매력이 더 도드라집니다.

컵노트 / 카카오, 다크초콜릿, 풀바디,흑설탕, 헤이즐넛","콜롬비아,인도",,,,,,"달콤,묵직,초콜릿,견과류,깔끔한,풍부한",1.0,4.0,4.0,4.0,2.0
블렌딩,거스트 브리즈 화이트,"적당한 과일의 산미, 넛트류의 고소한 향과 단맛도 고르게 가지고 있으며, 부드러운 질감 및 무게감도 일품입니다.

컵노트 / 사과잼, 버터리, 마카다미아, 밀크초콜릿, 볶은아몬드","콜롬비아,과테말라,브라질,온두라스",,,,,,"산미,밸런스,초콜릿,견과류,풍부한,크리미한,트로피칼",3.0,4.0,4.0,4.0,1.0
블렌딩,트로피컬 브리즈 블렌드,"전체적으로 생두의 특성인 달콤함과 뚜렷함을 표현하도록 로스팅 포인트와 배합 과정에 많은 공을 들였습니다.
추운 겨울이 지나가고 따뜻한 봄을 맞이하는 기분으로 맛있게 내려드시면 좋겠습니다.

컵노트 / 파인애플, 살구, 망고, 캐러멜, 밀크초콜릿","에티오피아,르완다",,,,,,"상큼,산미,카라멜,초콜릿,화사한,시트러스,트로피칼",4.0,3.0,3.0,3.0,1.0
블렌딩,첼로 블렌드,"스모키, 구운아몬드, 견과류, 다크초콜릿

로스팅 포인트 : Medium Dark

​","콜롬비아,브라질",,,,,,"고소,초콜릿,견과류,스모키",3.0,4.0,4.0,4.0,1.0
블렌딩,첼로 블렌드,"스모키, 구운아몬드, 견과류, 다크초콜릿

로스팅 포인트 : Medium Dark

​","콜롬비아,브라질",,,,,,"고소,초콜릿,견과류,스모키",3.0,4.0,4.0,5.0,1.0
블렌딩,BYGONE BLEND,오렌지 아몬드 군밤 카카오닙스,콜롬비아 2Tyeps 100%,,,,,,"달콤,고소,쌉쌀,밸런스,초콜릿,견과류",2.0,4.0,3.0,4.0,2.0
블렌딩,멋진 노을이 생각나는 시즌 블랜드,"#곶감 #대추 #딸기청 #견과류
Colombia / El encanto Caturra Honey Strawberry
Brazil / Sitio Guiomar Fully Washed COE #23","콜롬비아,브라질",,,,,,"달콤,고소,쌉쌀,부드러움,묵직,베리,견과류",2.0,4.0,4.0,3.0,3.0
블렌딩,브라이트 블렌드,"컵노트: 자몽, 살구, 복숭아, 홍차, 리치, 패션후르츠, 부드러운 텍스쳐, 긴여운, 시럽피","에티오피아,과테말라",,,,,"워시드,내추럴","달콤,산미,부드러움,긴여운,크리미한,트로피칼",4.0,3.0,4.0,2.0,1.0
블렌딩,발렌타인 블렌드,"컵노트: 다크초콜릿, 오렌지, 마카다미아, 아몬드, 밀키한 텍스쳐, 크리미, 헤비 바디","코스타리카,인도네시아",,,,,워시드,"달콤,고소,부드러움,묵직,초콜릿,견과류,크리미한,시트러스",2.0,4.0,3.0,4.0,3.0
블렌딩,뉴커먼 블렌드,"- 컵노트: 피넛, 헤이즐넛, 호밀, 오렌지필 헤비바디, 다크초콜릿, 밀키한 텍스처, 스모키","콜롬비아,브라질,코스타리카",,,,,"워시드,내추럴","달콤,부드러움,묵직,초콜릿,견과류,스모키,곡물,크리미한,시트러스",1.0,4.0,3.0,4.0,2.0
블렌딩,커넥츠 블렌드,"- 컵노트: 건포도, 몰트, 바닐라, 브라운 슈가, 꿀, 카라멜, 연하게 플로럴, 토피, 통밀","콜롬비아,에티오피아,과테말라,코스타리카,인도",,,,,"워시드,내추럴","달콤,고소,카라멜,바닐라,차같은,곡물",3.0,3.0,4.0,3.0,1.0
블렌딩,브라우니 블렌드,"- 컵노트: 비터스윗, 브라운 슈가, 엿기름, 카카오, 팝콘, 보리, 긴 여운","과테말라,브라질,엘살바도르",,,,,"워시드,내추럴","달콤,고소,초콜릿,긴여운,곡물",2.0,3.0,4.0,4.0,1.0
블렌딩,프루티 블렌드 베리즈,"- 컵노트: 블루베리, 딸기, 마카다미아, 밀크초콜렛","콜롬비아,에티오피아,과테말라",,,,,"워시드,내추럴","달콤,베리,초콜릿,견과류",3.0,3.0,4.0,2.0,1.0
블렌딩,꼬소한쌀밥 블렌드,"쌀밥, 코코아, 커버춰 초콜릿, 바닐라 빈","브라질,엘살바도르",,,,,"워시드,내추럴","달콤,고소,쌉쌀,밸런스,깔끔,초콜릿,바닐라,깔끔한",1.0,4.0,4.0,5.0,5.0
블렌딩,고소한쌀밥 블렌드,"쌀밥, 아몬드, 황설탕,  파베 초콜릿","브라질,엘살바도르",,,,,"워시드,내추럴","달콤,고소,쌉쌀,밸런스,깔끔,초콜릿,바닐라,깔끔한",2.0,3.0,4.0,4.0,4.0
블렌딩,강배전 다크로스팅,,,,,,,,"고소,쌉쌀,묵직,스모키",1.0,3.0,2.0,5.0,3.0
블렌딩,슬레이블렌드,"-블랙
밀크초콜릿.깊은바디.단맛.카카오.견과류.긴여운
-화이트
쌉싸름함.견과류.밀크초콜릿.카라멜.호두.아몬드",,,,,,,"달콤,고소,쌉쌀,부드러움,카라멜,초콜릿,견과류,긴여운",1.0,4.0,3.0,4.0,2.0
블렌딩,스페셜티 블렌드 맹심커피,"▶맹심블렌드의 로스팅포인트는 시티에서 풀시티사이입니다.
▶맹심블렌드의 블렌딩포인트는 적당한 산미와 은은한 꽃향기/ 전체적으로 고소하고 부드러운 맛/ 초콜릿과 카라멜같은 달달한 끝맛입니다.","콜롬비아,에티오피아,과테말라",,,,,,"달콤,고소,산미,부드러움,카라멜,꽃,초콜릿",2.0,3.0,4.0,3.0,1.0
블렌딩,스페셜티 블렌드 맹심커피,"▶맹심블렌드의 로스팅포인트는 시티에서 풀시티사이입니다.
▶맹심블렌드의 블렌딩포인트는 적당한 산미와 은은한 꽃향기/ 전체적으로 고소하고 부드러운 맛/ 초콜릿과 카라멜같은 달달한 끝맛입니다.","콜롬비아,에티오피아,과테말라",,,,,,"고소,산미,밸런스,부드러움,카라멜,꽃,초콜릿",2.0,3.0,4.0,3.0,1.0
블렌딩,아이올라이트 블렌드,,"콜롬비아, 온두라스, 케냐",,,,,,"와이니, 다크초콜릿,  구운 견과류, 카라멜,스모키,풍부한",2.0,4.0,4.0,4.0,4.0
블렌딩,레드베릴 블렌드,"과실주스 같은 첫 모금과 함께 밝은 견과류의 고소함이 좋습니다.
카라멜 같은 단맛이 잘 느껴집니다.","에티오피아 내추럴, 에티오피아 워시드",,,,,,"깔끔,베리,견과류,허브,주스같은",4.0,2.0,4.0,3.0,2.0
블렌딩,오닉스 블렌드,"짙은 바디감과 고소함이 잘 느껴집니다.
흑설탕 같은 단 맛이 좋으며 마무리는 깔끔합니다.
따뜻한 커피는 식어서도 풍미가 좋으며,
차가운 커피는 희석되도 그 힘을 잘 유지합니다.","콜롬비아,브라질,인도",,,,,,"갈색설탕, 좋은 바디감,달콤,묵직,견과류,풍부한",2.0,4.0,4.0,4.0,4.0
블렌딩,상큼한초밥  블렌드,"쌀밥, 마카다미아, 히비스커스, 라임","에티오피아,브라질",,,,,"워시드,내추럴","달콤,고소,상큼,산미,깔끔,바닐라,견과류,허브,깔끔한,시트러스",3.0,3.0,4.0,3.0,3.0
블렌딩,꼬수운돌솥밥 블렌드,"쌀밥, 누룽지, 카카오닙스, 다크 초콜릿",브라질,,,,,내추럴,"달콤,고소,쌉쌀,밸런스,깔끔,초콜릿,바닐라,깔끔한",1.0,4.0,4.0,4.0,5.0
블렌딩,바이올린 블렌드,"다크초콜릿, 카라멜, 사탕수수, 시트러스","콜롬비아,기타, 케냐",,,,,,"달콤,고소,산미,카라멜,초콜릿,시트러스",4.0,4.0,3.0,4.0,1.0
블렌딩,BYGONE BLEND,"넛트, 브라운슈가, 생초콜릿","콜롬비아,에티오피아,과테말라,브라질,코스타리카",,,,,,"달콤,고소,부드러움,초콜릿,견과류",1.0,4.0,3.0,4.0,1.0
블렌딩,Aachen 아헨,"블렌드 아헨은 커피의 신맛에 예민하신 분들을 위한 블렌드입니다. 
우유와 잘 어울리는 진하고 부드러운 단맛과 바디감이 풍부한 커피입니다.","콜롬비아,에티오피아,과테말라",,,,,,"달콤,고소,초콜릿,견과류,풍부한",1.0,4.0,4.0,4.0,1.0
블렌딩,스미다 시그니처 블렌드,"볶은 견과류의 고소함 
 다크초콜릿의 풍미 
 묵직한 바디 
 긴 여운",,,,,,,,1.0,4.0,4.0,4.0,3.0
블렌딩,에티오피아 예가체프 G1 첼바 쿠멜라초,"딸기쥬스, 열대과일, 초콜릿, 모카",에티오피아,에티오피아 토착종,첼바 스테이션,"1,800m~2,300m",오로미아 SNNPR 예가체프 첼바,내추럴,,4.0,3.0,2.0,3.0,1.0
디카페인,[오이르] 디카페인 새벽,"잘 익은 사과의 달콤한 산미와 입안 가득 메워지는 호두의 고소하고 묵직한 바디감
말하지 않으면 디카페인인지 모를 정도로  
다른 디카페인에 비해 맛이 매우 선명하게 잘 느껴집니다.",콜롬비아,,,,,워시드,"달콤,상큼,산미,견과류,풍부한",3.0,4.0,4.0,4.0,1.0
디카페인,숙면 블랜드,"볶은땅콩, 보리, 프룬, 브라운슈가",대한민국,,필넛로스터스,,"콜롬비아,브라질","슈가케인, 스위스워터","달콤,고소,베리,견과류,시나몬,곡물",1.0,4.0,3.0,3.0,4.0
디카페인,[3-3커피] 디카페인콜롬비아 안티오키아 커피원두 200g,"향미, 산미, 맛 등이 균형잡힌 고소한 커피","콜롬비아, 브라질, 과테말라",,,,,워시드,"달콤,고소,밸런스",2.0,2.0,3.0,3.0,1.0
디카페인,COLOMBIA EXCELSO DECAF,"오렌지, 스윗포테이토, 호박, 밀크초콜릿 
멕시코 마운틴 워터 프로세스","콜롬비아,멕시코",티피카,,"1,200~1,900m",,"마운틴 워터 프로세스, 워시드,기타","달콤,고소,초콜릿,곡물,시트러스",1.0,4.0,4.0,4.0,3.0
디카페인,Colombia Casa Negra Caturra Sugarcane Decaffein,"오렌지, 당밀, 밸런스, 밀크초콜렛","Colombia,콜롬비아",Caturra,Casa Negra,"1,450 masl","Quindio,Armenia","Sugarcane E.A,기타","달콤,밸런스,부드러움,초콜릿,시트러스",2.0,3.0,4.0,3.0,2.0
디카페인,멕시코 디카페인,Dried Orange/Grain/Syrup,"Mexico,멕시코","Bourbon,Typica Various",,,,"Washed/Decaf,워시드",달콤,1.0,4.0,4.0,4.0,2.0
디카페인,디카페인,"과테말라 워시드 100%
컵노트 : 누룽지, 카페인 없음",과테말라,,,,,워시드,"고소,쌉쌀",1.0,3.0,2.0,4.0,3.0
디카페인,커맨드 디카페인 (Command Decaffeinated),"브라운 슈가, 그레인, 토스트",India,"Mix of SLN 795, SLN 9, Peridina 등",,"1,250-1,370m",,"Washed, Fully washed",,1.0,3.0,4.0,4.0,1.0
디카페인,콜롬비아 디카페인,"아몬드, 군고구마, 초콜릿",,,,,,,"달콤,고소,초콜릿",1.0,4.0,4.0,4.0,1.0
디카페인,포텐셜 디카페인 블렌드,"통밀의 고소함, 끈적이는 초콜릿같은 질감, 구운 고구마, 달콤한 복숭아의 단맛과 꿀 넛트류의 단향은 먹는 내내 일반 커피에 견주어도 손색이 없을 정도입니다.

컵노트 / 마카다미아, 캐슈넛, 꿀, 복숭아, 잘 익은 딸기","콜롬비아,에티오피아",,,,,,"달콤,베리,견과류,곡물,트로피칼",3.0,2.0,4.0,4.0,1.0
디카페인,FREE BLEND,"볶은 견과류의 고소함과 초콜렛의 부드러운 촉감으로
잠을 이루지 못할까 하는 걱정에서 자유로워지세요","브라질, 과테말라, 콜롬비아",,,,,,"고소,부드러움,견과류",1.0,3.0,4.0,4.0,2.0
디카페인,디카페인 블렌딩 위켄드 블렌드,"- 컵노트: 카카오, 카라멜, 캐슈넛, 브라운 슈거","콜롬비아,과테말라,브라질",,,,,"기타, 멕시코 마운틴 워터 프로세스","달콤,카라멜,초콜릿,견과류,긴여운",2.0,3.0,4.0,4.0,1.0
디카페인,마블 디카프,견과류의 고소함과 호박같은 단맛이 부드럽게 들어오며 초콜릿같은 쌉쌀함이 은은하게 나오는 커피입니다. 카페인이 부담스러운 분들도 부담없이 마시기 좋은 제품입니다.,"콜롬비아,과테말라",,,,,,"달콤,고소,쌉쌀,초콜릿,견과류",2.0,3.0,4.0,4.0,2.0
디카페인,에브리데이 디카페인,*오전 11시 까지 결제된 주문은 영업일 기준 약 3일 이내 출고됩니다.,콜롬비아,"Typica, Caturra, Castilo, Colombian",,"1,200m~1,900m","Antioquia, Caldas, Neiva",디카프(슈가케인) 워시드,"밸런스,카라멜,묵직,허브",2.0,4.0,3.0,4.0,2.0
디카페인,콜롬비아 수프리모 후일라 슈가케인 디카페인,"오렌지, 아몬드, 카라멜, 밀크초콜렛
깨끗한 질감, 기분좋은 단맛",콜롬비아,"Caturra, Castillo, Typica",,"1,100m~1,700m",Huila,"슈가케인,기타","달콤,깔끔,카라멜,초콜릿,견과류,가벼운,시트러스",2.0,2.0,3.0,4.0,1.0
디카페인,에티오피아 짐마 디카페인 마운틴워터,"청포도, 그린티, 카라멜",에티오피아,Ethiopia Heirloom,,"1,700m ~ 2,200m",Ethiopia,"Mountain Water,기타","달콤,카라멜,차같은,트로피칼",3.0,3.0,3.0,3.0,1.0
디카페인,에티오피아 시다모 문타샤 네츄럴,"Earl Grey, Sweet, Orange",코스타리카,,,,,,"달콤,차같은,시트러스",1.0,3.0,5.0,3.0,3.0
디카페인,Ethiopia Yirgachaffe Wote Konga G1,"플로럴,베리,살구,클린","Ethiopia,에티오피아","Wolisho,Kurume,74110&74112",,"1,950 - 2,100","SNNPR,Gedeo,Yirgacheffe","Natural,내추럴","달콤,산미,깔끔,베리,꽃",3.0,2.0,3.0,2.0,1.0
디카페인,페루 카하마르카 하옌 디카페인,"감귤, 밤꿀, 마카다미아, 바닐라, 카라멜",페루,"카투카, 티피카, 카티모르",소농장 400곳,"1,600m~1,800m",카하마르카 하옌,마운틴 워터 프로세스,,2.0,4.0,3.0,4.0,3.0
디카페인,"DEEP, DEEPLY 탄자니아 아카시아힐즈 켄트 워시드","바닐라,아몬드, 라임, 히비스커스",멕시코,,,,,"워시드,기타","달콤,고소,밸런스,깔끔,바닐라,견과류,깔끔한",3.0,4.0,4.0,3.0,2.0
